"StateFIPS","State","CountyFIPS","County","Year","Value","Data Comment",
"01","Alabama","01003","Baldwin","2018","7.1","",
"01","Alabama","01003","Baldwin","2019","7.5","",
"01","Alabama","01027","Clay","2018","7.0","",
"01","Alabama","01027","Clay","2019","7.4","",
"01","Alabama","01033","Colbert","2018","7.5","",
"01","Alabama","01049","DeKalb","2018","7.0","",
"01","Alabama","01049","DeKalb","2019","7.5","",
"01","Alabama","01055","Etowah","2018","7.8","",
"01","Alabama","01055","Etowah","2019","8.3","",
"01","Alabama","01069","Houston","2018","7.7","",
"01","Alabama","01069","Houston","2019","8.1","",
"01","Alabama","01073","Jefferson","2018","10.2","",
"01","Alabama","01073","Jefferson","2019","10.7","",
"01","Alabama","01089","Madison","2018","7.5","",
"01","Alabama","01089","Madison","2019","7.4","",
"01","Alabama","01097","Mobile","2018","8.1","",
"01","Alabama","01097","Mobile","2019","8.3","",
"01","Alabama","01101","Montgomery","2018","8.5","",
"01","Alabama","01101","Montgomery","2019","9.0","",
"01","Alabama","01103","Morgan","2018","7.4","",
"01","Alabama","01103","Morgan","2019","7.6","",
"01","Alabama","01113","Russell","2018","9.4","",
"01","Alabama","01113","Russell","2019","9.5","",
"01","Alabama","01125","Tuscaloosa","2018","7.7","",
"01","Alabama","01125","Tuscaloosa","2019","7.9","",
"02","Alaska","02020","Anchorage","2018","5.4","",
"02","Alaska","02020","Anchorage","2019","8.2","",
"02","Alaska","02090","Fairbanks North Star","2018","11.4","",
"02","Alaska","02090","Fairbanks North Star","2019","15.6","",
"02","Alaska","02110","Juneau","2018","6.9","",
"02","Alaska","02110","Juneau","2019","6.8","",
"02","Alaska","02170","Matanuska-Susitna","2018","4.6","",
"02","Alaska","02170","Matanuska-Susitna","2019","6.6","",
"04","Arizona","04001","Apache","2018","2.6","",
"04","Arizona","04001","Apache","2019","2.5","",
"04","Arizona","04003","Cochise","2018","5.6","",
"04","Arizona","04003","Cochise","2019","5.1","",
"04","Arizona","04012","La Paz","2018","5.1","",
"04","Arizona","04012","La Paz","2019","3.3","",
"04","Arizona","04013","Maricopa","2018","10.1","",
"04","Arizona","04013","Maricopa","2019","8.4","",
"04","Arizona","04019","Pima","2018","5.6","",
"04","Arizona","04019","Pima","2019","3.8","",
"04","Arizona","04021","Pinal","2018","12.7","",
"04","Arizona","04021","Pinal","2019","11.3","",
"04","Arizona","04023","Santa Cruz","2018","8.5","",
"04","Arizona","04023","Santa Cruz","2019","8.8","",
"04","Arizona","04027","Yuma","2018","8.7","",
"04","Arizona","04027","Yuma","2019","7.9","",
"05","Arkansas","05001","Arkansas","2018","8.3","",
"05","Arkansas","05001","Arkansas","2019","7.9","",
"05","Arkansas","05003","Ashley","2018","8.1","",
"05","Arkansas","05003","Ashley","2019","8.2","",
"05","Arkansas","05035","Crittenden","2018","8.8","",
"05","Arkansas","05035","Crittenden","2019","8.3","",
"05","Arkansas","05051","Garland","2018","8.4","",
"05","Arkansas","05051","Garland","2019","8.9","",
"05","Arkansas","05067","Jackson","2018","7.9","",
"05","Arkansas","05067","Jackson","2019","8.2","",
"05","Arkansas","05113","Polk","2018","8.6","",
"05","Arkansas","05113","Polk","2019","8.6","",
"05","Arkansas","05119","Pulaski","2018","9.7","",
"05","Arkansas","05119","Pulaski","2019","10.3","",
"05","Arkansas","05139","Union","2018","8.8","",
"05","Arkansas","05139","Union","2019","9.0","",
"05","Arkansas","05143","Washington","2018","8.4","",
"05","Arkansas","05143","Washington","2019","8.0","",
"06","California","06001","Alameda","2018","14.4","",
"06","California","06001","Alameda","2019","9.4","",
"06","California","06007","Butte","2018","13.7","",
"06","California","06007","Butte","2019","7.0","",
"06","California","06009","Calaveras","2018","14.6","",
"06","California","06009","Calaveras","2019","5.5","",
"06","California","06011","Colusa","2018","11.3","",
"06","California","06011","Colusa","2019","7.0","",
"06","California","06013","Contra Costa","2018","13.4","",
"06","California","06013","Contra Costa","2019","7.8","",
"06","California","06019","Fresno","2018","17.1","",
"06","California","06019","Fresno","2019","11.7","",
"06","California","06023","Humboldt","2018","7.7","",
"06","California","06023","Humboldt","2019","6.8","",
"06","California","06025","Imperial","2018","13.5","",
"06","California","06025","Imperial","2019","10.8","",
"06","California","06027","Inyo","2018","7.5","",
"06","California","06027","Inyo","2019","5.2","",
"06","California","06029","Kern","2018","19.4","",
"06","California","06029","Kern","2019","13.0","",
"06","California","06031","Kings","2018","17.7","",
"06","California","06031","Kings","2019","12.3","",
"06","California","06033","Lake","2018","9.3","",
"06","California","06033","Lake","2019","3.1","",
"06","California","06037","Los Angeles","2018","14.7","",
"06","California","06037","Los Angeles","2019","13.4","",
"06","California","06039","Madera","2018","14.0","",
"06","California","06039","Madera","2019","9.6","",
"06","California","06041","Marin","2018","11.1","",
"06","California","06041","Marin","2019","6.4","",
"06","California","06045","Mendocino","2018","11.3","",
"06","California","06045","Mendocino","2019","6.0","",
"06","California","06047","Merced","2018","15.1","",
"06","California","06047","Merced","2019","9.6","",
"06","California","06051","Mono","2019","8.5","",
"06","California","06053","Monterey","2018","7.3","",
"06","California","06053","Monterey","2019","5.5","",
"06","California","06055","Napa","2019","5.9","",
"06","California","06057","Nevada","2018","6.8","",
"06","California","06057","Nevada","2019","6.3","",
"06","California","06059","Orange","2018","11.5","",
"06","California","06059","Orange","2019","9.4","",
"06","California","06061","Placer","2018","12.0","",
"06","California","06061","Placer","2019","7.2","",
"06","California","06063","Plumas","2018","14.6","",
"06","California","06063","Plumas","2019","12.2","",
"06","California","06065","Riverside","2018","14.2","",
"06","California","06065","Riverside","2019","12.7","",
"06","California","06067","Sacramento","2018","12.8","",
"06","California","06067","Sacramento","2019","8.4","",
"06","California","06069","San Benito","2018","7.2","",
"06","California","06069","San Benito","2019","4.9","",
"06","California","06071","San Bernardino","2018","17.6","",
"06","California","06071","San Bernardino","2019","15.6","",
"06","California","06073","San Diego","2018","13.0","",
"06","California","06073","San Diego","2019","13.7","",
"06","California","06075","San Francisco","2018","11.7","",
"06","California","06075","San Francisco","2019","7.7","",
"06","California","06077","San Joaquin","2018","17.8","",
"06","California","06077","San Joaquin","2019","9.7","",
"06","California","06079","San Luis Obispo","2018","8.8","",
"06","California","06079","San Luis Obispo","2019","7.0","",
"06","California","06081","San Mateo","2018","10.6","",
"06","California","06081","San Mateo","2019","7.0","",
"06","California","06083","Santa Barbara","2018","8.6","",
"06","California","06083","Santa Barbara","2019","6.8","",
"06","California","06085","Santa Clara","2018","12.9","",
"06","California","06085","Santa Clara","2019","9.2","",
"06","California","06087","Santa Cruz","2018","8.3","",
"06","California","06087","Santa Cruz","2019","6.5","",
"06","California","06089","Shasta","2018","15.9","",
"06","California","06089","Shasta","2019","6.7","",
"06","California","06093","Siskiyou","2018","14.4","",
"06","California","06093","Siskiyou","2019","5.9","",
"06","California","06095","Solano","2018","13.5","",
"06","California","06095","Solano","2019","9.0","",
"06","California","06097","Sonoma","2018","8.3","",
"06","California","06097","Sonoma","2019","5.7","",
"06","California","06099","Stanislaus","2018","17.2","",
"06","California","06099","Stanislaus","2019","10.6","",
"06","California","06101","Sutter","2018","10.3","",
"06","California","06101","Sutter","2019","8.4","",
"06","California","06103","Tehama","2018","10.5","",
"06","California","06103","Tehama","2019","5.4","",
"06","California","06107","Tulare","2018","17.3","",
"06","California","06107","Tulare","2019","12.9","",
"06","California","06111","Ventura","2018","10.2","",
"06","California","06111","Ventura","2019","7.8","",
"06","California","06113","Yolo","2018","12.8","",
"06","California","06113","Yolo","2019","7.8","",
"08","Colorado","08001","Adams","2018","10.4","",
"08","Colorado","08001","Adams","2019","9.1","",
"08","Colorado","08005","Arapahoe","2018","6.3","",
"08","Colorado","08005","Arapahoe","2019","6.0","",
"08","Colorado","08013","Boulder","2018","7.7","",
"08","Colorado","08013","Boulder","2019","7.8","",
"08","Colorado","08029","Delta","2019","3.7","",
"08","Colorado","08031","Denver","2018","9.2","",
"08","Colorado","08031","Denver","2019","10.0","",
"08","Colorado","08035","Douglas","2018","7.5","",
"08","Colorado","08035","Douglas","2019","6.2","",
"08","Colorado","08041","El Paso","2018","6.2","",
"08","Colorado","08041","El Paso","2019","5.0","",
"08","Colorado","08045","Garfield","2018","4.8","",
"08","Colorado","08045","Garfield","2019","3.5","",
"08","Colorado","08067","La Plata","2018","13.8","",
"08","Colorado","08069","Larimer","2018","7.7","",
"08","Colorado","08069","Larimer","2019","6.0","",
"08","Colorado","08077","Mesa","2018","5.9","",
"08","Colorado","08077","Mesa","2019","5.0","",
"08","Colorado","08101","Pueblo","2018","6.2","",
"08","Colorado","08101","Pueblo","2019","4.7","",
"08","Colorado","08103","Rio Blanco","2018","8.5","",
"08","Colorado","08103","Rio Blanco","2019","7.9","",
"08","Colorado","08123","Weld","2018","9.6","",
"08","Colorado","08123","Weld","2019","9.0","",
"09","Connecticut","09001","Fairfield","2018","7.9","",
"09","Connecticut","09001","Fairfield","2019","8.0","",
"09","Connecticut","09003","Hartford","2018","8.2","",
"09","Connecticut","09003","Hartford","2019","7.7","",
"09","Connecticut","09005","Litchfield","2018","4.4","",
"09","Connecticut","09005","Litchfield","2019","4.9","",
"09","Connecticut","09009","New Haven","2018","8.6","",
"09","Connecticut","09009","New Haven","2019","7.9","",
"09","Connecticut","09011","New London","2018","5.9","",
"09","Connecticut","09011","New London","2019","6.5","",
"10","Delaware","10001","Kent","2018","6.8","",
"10","Delaware","10001","Kent","2019","7.6","",
"10","Delaware","10003","New Castle","2018","8.6","",
"10","Delaware","10003","New Castle","2019","8.6","",
"10","Delaware","10005","Sussex","2018","7.5","",
"10","Delaware","10005","Sussex","2019","7.6","",
"11","District of Columbia","11001","District of Columbia","2018","9.5","",
"11","District of Columbia","11001","District of Columbia","2019","8.9","",
"12","Florida","12001","Alachua","2018","6.2","",
"12","Florida","12001","Alachua","2019","7.1","",
"12","Florida","12009","Brevard","2018","5.4","",
"12","Florida","12009","Brevard","2019","6.2","",
"12","Florida","12011","Broward","2018","9.1","",
"12","Florida","12011","Broward","2019","8.9","",
"12","Florida","12031","Duval","2018","8.7","",
"12","Florida","12031","Duval","2019","8.6","",
"12","Florida","12033","Escambia","2018","7.5","",
"12","Florida","12033","Escambia","2019","8.5","",
"12","Florida","12057","Hillsborough","2018","8.1","",
"12","Florida","12057","Hillsborough","2019","7.9","",
"12","Florida","12071","Lee","2018","7.4","",
"12","Florida","12071","Lee","2019","7.4","",
"12","Florida","12073","Leon","2018","7.3","",
"12","Florida","12073","Leon","2019","7.7","",
"12","Florida","12086","Miami-Dade","2018","8.4","",
"12","Florida","12086","Miami-Dade","2019","7.7","",
"12","Florida","12095","Orange","2018","6.8","",
"12","Florida","12095","Orange","2019","6.5","",
"12","Florida","12099","Palm Beach","2018","6.3","",
"12","Florida","12099","Palm Beach","2019","6.7","",
"12","Florida","12103","Pinellas","2018","7.4","",
"12","Florida","12103","Pinellas","2019","7.7","",
"12","Florida","12105","Polk","2018","7.2","",
"12","Florida","12105","Polk","2019","7.7","",
"12","Florida","12115","Sarasota","2018","6.7","",
"12","Florida","12115","Sarasota","2019","6.8","",
"12","Florida","12117","Seminole","2018","6.5","",
"12","Florida","12117","Seminole","2019","6.9","",
"12","Florida","12127","Volusia","2018","7.2","",
"12","Florida","12127","Volusia","2019","7.5","",
"13","Georgia","13021","Bibb","2018","8.5","",
"13","Georgia","13021","Bibb","2019","9.1","",
"13","Georgia","13051","Chatham","2018","8.5","",
"13","Georgia","13051","Chatham","2019","8.9","",
"13","Georgia","13059","Clarke","2018","8.6","",
"13","Georgia","13059","Clarke","2019","9.9","",
"13","Georgia","13063","Clayton","2018","8.3","",
"13","Georgia","13063","Clayton","2019","8.7","",
"13","Georgia","13067","Cobb","2018","8.0","",
"13","Georgia","13067","Cobb","2019","8.6","",
"13","Georgia","13069","Coffee","2018","5.9","",
"13","Georgia","13069","Coffee","2019","7.2","",
"13","Georgia","13089","DeKalb","2018","9.1","",
"13","Georgia","13089","DeKalb","2019","9.6","",
"13","Georgia","13095","Dougherty","2018","8.5","",
"13","Georgia","13095","Dougherty","2019","10.9","",
"13","Georgia","13121","Fulton","2018","9.2","",
"13","Georgia","13121","Fulton","2019","9.5","",
"13","Georgia","13127","Glynn","2018","6.3","",
"13","Georgia","13127","Glynn","2019","7.6","",
"13","Georgia","13135","Gwinnett","2018","10.1","",
"13","Georgia","13135","Gwinnett","2019","10.8","",
"13","Georgia","13139","Hall","2018","7.8","",
"13","Georgia","13139","Hall","2019","9.3","",
"13","Georgia","13153","Houston","2018","9.4","",
"13","Georgia","13153","Houston","2019","10.2","",
"13","Georgia","13185","Lowndes","2018","6.9","",
"13","Georgia","13185","Lowndes","2019","7.6","",
"13","Georgia","13215","Muscogee","2018","8.5","",
"13","Georgia","13215","Muscogee","2019","9.1","",
"13","Georgia","13245","Richmond","2018","9.9","",
"13","Georgia","13245","Richmond","2019","10.7","",
"13","Georgia","13295","Walker","2018","9.1","",
"13","Georgia","13295","Walker","2019","9.4","",
"13","Georgia","13303","Washington","2018","7.1","",
"13","Georgia","13303","Washington","2019","8.2","",
"15","Hawaii","15001","Hawaii","2018","11.6","",
"15","Hawaii","15001","Hawaii","2019","3.3","",
"15","Hawaii","15003","Honolulu","2018","3.7","",
"15","Hawaii","15003","Honolulu","2019","3.9","",
"15","Hawaii","15007","Kauai","2018","2.6","",
"15","Hawaii","15007","Kauai","2019","2.9","",
"15","Hawaii","15009","Maui","2018","4.5","",
"15","Hawaii","15009","Maui","2019","4.1","",
"16","Idaho","16001","Ada","2018","7.9","",
"16","Idaho","16001","Ada","2019","5.3","",
"16","Idaho","16009","Benewah","2018","9.9","",
"16","Idaho","16009","Benewah","2019","9.9","",
"16","Idaho","16027","Canyon","2018","9.4","",
"16","Idaho","16027","Canyon","2019","6.9","",
"16","Idaho","16041","Franklin","2018","6.7","",
"16","Idaho","16041","Franklin","2019","5.8","",
"16","Idaho","16053","Jerome","2018","6.0","",
"16","Idaho","16053","Jerome","2019","3.9","",
"16","Idaho","16059","Lemhi","2018","9.3","",
"16","Idaho","16059","Lemhi","2019","8.3","",
"16","Idaho","16079","Shoshone","2018","12.1","",
"16","Idaho","16079","Shoshone","2019","9.6","",
"17","Illinois","17019","Champaign","2018","8.3","",
"17","Illinois","17019","Champaign","2019","8.1","",
"17","Illinois","17031","Cook","2018","11.4","",
"17","Illinois","17031","Cook","2019","10.8","",
"17","Illinois","17043","DuPage","2018","10.5","",
"17","Illinois","17065","Hamilton","2018","8.9","",
"17","Illinois","17065","Hamilton","2019","8.3","",
"17","Illinois","17083","Jersey","2018","8.3","",
"17","Illinois","17083","Jersey","2019","8.0","",
"17","Illinois","17089","Kane","2018","9.1","",
"17","Illinois","17089","Kane","2019","8.8","",
"17","Illinois","17115","Macon","2018","10.4","",
"17","Illinois","17115","Macon","2019","9.5","",
"17","Illinois","17119","Madison","2018","11.2","",
"17","Illinois","17119","Madison","2019","11.2","",
"17","Illinois","17111","McHenry","2018","8.2","",
"17","Illinois","17111","McHenry","2019","7.8","",
"17","Illinois","17113","McLean","2018","9.9","",
"17","Illinois","17113","McLean","2019","9.4","",
"17","Illinois","17143","Peoria","2018","9.4","",
"17","Illinois","17143","Peoria","2019","8.0","",
"17","Illinois","17157","Randolph","2018","7.8","",
"17","Illinois","17157","Randolph","2019","7.7","",
"17","Illinois","17161","Rock Island","2018","8.9","",
"17","Illinois","17161","Rock Island","2019","8.6","",
"17","Illinois","17167","Sangamon","2018","9.5","",
"17","Illinois","17167","Sangamon","2019","8.2","",
"17","Illinois","17163","St. Clair","2018","10.3","",
"17","Illinois","17163","St. Clair","2019","9.1","",
"17","Illinois","17197","Will","2018","9.8","",
"17","Illinois","17197","Will","2019","9.7","",
"17","Illinois","17201","Winnebago","2019","10.3","",
"18","Indiana","18003","Allen","2018","9.1","",
"18","Indiana","18003","Allen","2019","9.0","",
"18","Indiana","18005","Bartholomew","2018","7.5","",
"18","Indiana","18005","Bartholomew","2019","6.9","",
"18","Indiana","18019","Clark","2018","9.2","",
"18","Indiana","18019","Clark","2019","7.3","",
"18","Indiana","18035","Delaware","2018","8.3","",
"18","Indiana","18035","Delaware","2019","8.3","",
"18","Indiana","18037","Dubois","2018","8.9","",
"18","Indiana","18037","Dubois","2019","8.4","",
"18","Indiana","18039","Elkhart","2018","8.2","",
"18","Indiana","18039","Elkhart","2019","8.1","",
"18","Indiana","18055","Greene","2018","8.2","",
"18","Indiana","18055","Greene","2019","7.7","",
"18","Indiana","18057","Hamilton","2018","8.2","",
"18","Indiana","18057","Hamilton","2019","10.2","",
"18","Indiana","18065","Henry","2018","7.9","",
"18","Indiana","18065","Henry","2019","7.7","",
"18","Indiana","18067","Howard","2018","8.0","",
"18","Indiana","18067","Howard","2019","7.3","",
"18","Indiana","18089","Lake","2018","10.8","",
"18","Indiana","18089","Lake","2019","10.3","",
"18","Indiana","18091","LaPorte","2018","7.4","",
"18","Indiana","18091","LaPorte","2019","7.9","",
"18","Indiana","18095","Madison","2018","8.9","",
"18","Indiana","18095","Madison","2019","8.4","",
"18","Indiana","18097","Marion","2018","11.0","",
"18","Indiana","18097","Marion","2019","12.6","",
"18","Indiana","18105","Monroe","2018","9.4","",
"18","Indiana","18105","Monroe","2019","7.6","",
"18","Indiana","18127","Porter","2018","8.2","",
"18","Indiana","18127","Porter","2019","8.4","",
"18","Indiana","18147","Spencer","2018","8.5","",
"18","Indiana","18147","Spencer","2019","8.0","",
"18","Indiana","18141","St. Joseph","2018","9.8","",
"18","Indiana","18141","St. Joseph","2019","8.5","",
"18","Indiana","18153","Sullivan","2018","8.8","",
"18","Indiana","18153","Sullivan","2019","8.1","",
"18","Indiana","18157","Tippecanoe","2018","8.6","",
"18","Indiana","18157","Tippecanoe","2019","8.8","",
"18","Indiana","18163","Vanderburgh","2018","9.3","",
"18","Indiana","18163","Vanderburgh","2019","8.7","",
"18","Indiana","18167","Vigo","2018","9.4","",
"18","Indiana","18167","Vigo","2019","10.2","",
"18","Indiana","18183","Whitley","2018","8.0","",
"18","Indiana","18183","Whitley","2019","8.5","",
"19","Iowa","19013","Black Hawk","2018","8.2","",
"19","Iowa","19013","Black Hawk","2019","7.7","",
"19","Iowa","19045","Clinton","2018","9.0","",
"19","Iowa","19045","Clinton","2019","9.0","",
"19","Iowa","19103","Johnson","2018","8.0","",
"19","Iowa","19103","Johnson","2019","9.6","",
"19","Iowa","19111","Lee","2018","9.0","",
"19","Iowa","19111","Lee","2019","8.3","",
"19","Iowa","19113","Linn","2018","9.5","",
"19","Iowa","19113","Linn","2019","8.7","",
"19","Iowa","19137","Montgomery","2018","6.9","",
"19","Iowa","19137","Montgomery","2019","6.5","",
"19","Iowa","19139","Muscatine","2018","8.8","",
"19","Iowa","19139","Muscatine","2019","8.2","",
"19","Iowa","19147","Palo Alto","2018","7.3","",
"19","Iowa","19147","Palo Alto","2019","6.4","",
"19","Iowa","19153","Polk","2018","8.0","",
"19","Iowa","19153","Polk","2019","7.6","",
"19","Iowa","19155","Pottawattamie","2018","8.9","",
"19","Iowa","19155","Pottawattamie","2019","7.8","",
"19","Iowa","19163","Scott","2018","8.8","",
"19","Iowa","19163","Scott","2019","9.7","",
"19","Iowa","19177","Van Buren","2018","7.4","",
"19","Iowa","19177","Van Buren","2019","7.2","",
"19","Iowa","19193","Woodbury","2018","8.3","",
"19","Iowa","19193","Woodbury","2019","7.4","",
"20","Kansas","20091","Johnson","2018","7.7","",
"20","Kansas","20091","Johnson","2019","6.4","",
"20","Kansas","20133","Neosho","2019","8.9","",
"20","Kansas","20173","Sedgwick","2018","8.2","",
"20","Kansas","20173","Sedgwick","2019","6.3","",
"20","Kansas","20177","Shawnee","2018","9.7","",
"20","Kansas","20177","Shawnee","2019","9.4","",
"20","Kansas","20191","Sumner","2018","7.7","",
"20","Kansas","20191","Sumner","2019","7.6","",
"20","Kansas","20195","Trego","2018","5.6","",
"20","Kansas","20195","Trego","2019","5.1","",
"20","Kansas","20209","Wyandotte","2018","9.9","",
"20","Kansas","20209","Wyandotte","2019","9.6","",
"21","Kentucky","21013","Bell","2018","7.6","",
"21","Kentucky","21013","Bell","2019","7.3","",
"21","Kentucky","21019","Boyd","2018","7.9","",
"21","Kentucky","21019","Boyd","2019","7.8","",
"21","Kentucky","21037","Campbell","2018","8.6","",
"21","Kentucky","21037","Campbell","2019","8.3","",
"21","Kentucky","21043","Carter","2018","6.3","",
"21","Kentucky","21043","Carter","2019","5.7","",
"21","Kentucky","21047","Christian","2018","8.2","",
"21","Kentucky","21047","Christian","2019","8.4","",
"21","Kentucky","21059","Daviess","2018","9.1","",
"21","Kentucky","21059","Daviess","2019","8.7","",
"21","Kentucky","21067","Fayette","2018","8.6","",
"21","Kentucky","21067","Fayette","2019","8.2","",
"21","Kentucky","21093","Hardin","2018","8.1","",
"21","Kentucky","21093","Hardin","2019","7.5","",
"21","Kentucky","21101","Henderson","2018","9.8","",
"21","Kentucky","21111","Jefferson","2018","10.3","",
"21","Kentucky","21111","Jefferson","2019","10.5","",
"21","Kentucky","21145","McCracken","2018","9.8","",
"21","Kentucky","21145","McCracken","2019","9.5","",
"21","Kentucky","21193","Perry","2018","7.0","",
"21","Kentucky","21193","Perry","2019","7.9","",
"21","Kentucky","21195","Pike","2018","7.2","",
"21","Kentucky","21195","Pike","2019","7.0","",
"21","Kentucky","21199","Pulaski","2018","7.5","",
"21","Kentucky","21199","Pulaski","2019","7.0","",
"21","Kentucky","21227","Warren","2018","8.1","",
"21","Kentucky","21227","Warren","2019","8.3","",
"22","Louisiana","22017","Caddo","2018","10.8","",
"22","Louisiana","22017","Caddo","2019","10.7","",
"22","Louisiana","22019","Calcasieu","2018","7.9","",
"22","Louisiana","22019","Calcasieu","2019","6.8","",
"22","Louisiana","22033","East Baton Rouge","2018","10.5","",
"22","Louisiana","22033","East Baton Rouge","2019","9.5","",
"22","Louisiana","22047","Iberville","2018","8.9","",
"22","Louisiana","22047","Iberville","2019","8.4","",
"22","Louisiana","22051","Jefferson","2018","8.0","",
"22","Louisiana","22051","Jefferson","2019","7.7","",
"22","Louisiana","22055","Lafayette","2018","8.4","",
"22","Louisiana","22055","Lafayette","2019","7.9","",
"22","Louisiana","22071","Orleans","2018","8.4","",
"22","Louisiana","22071","Orleans","2019","7.8","",
"22","Louisiana","22073","Ouachita","2018","7.9","",
"22","Louisiana","22073","Ouachita","2019","7.2","",
"22","Louisiana","22079","Rapides","2018","8.2","",
"22","Louisiana","22079","Rapides","2019","7.5","",
"22","Louisiana","22087","St. Bernard","2018","8.6","",
"22","Louisiana","22087","St. Bernard","2019","7.8","",
"22","Louisiana","22105","Tangipahoa","2018","7.5","",
"22","Louisiana","22105","Tangipahoa","2019","7.7","",
"22","Louisiana","22109","Terrebonne","2018","7.2","",
"22","Louisiana","22109","Terrebonne","2019","7.5","",
"22","Louisiana","22121","West Baton Rouge","2018","9.3","",
"22","Louisiana","22121","West Baton Rouge","2019","8.9","",
"23","Maine","23001","Androscoggin","2018","5.1","",
"23","Maine","23001","Androscoggin","2019","5.3","",
"23","Maine","23003","Aroostook","2018","8.0","",
"23","Maine","23003","Aroostook","2019","5.9","",
"23","Maine","23005","Cumberland","2018","7.0","",
"23","Maine","23005","Cumberland","2019","9.2","",
"23","Maine","23009","Hancock","2018","4.0","",
"23","Maine","23009","Hancock","2019","3.4","",
"23","Maine","23011","Kennebec","2018","5.1","",
"23","Maine","23017","Oxford","2018","6.3","",
"23","Maine","23017","Oxford","2019","4.6","",
"23","Maine","23019","Penobscot","2018","5.3","",
"23","Maine","23019","Penobscot","2019","4.3","",
"24","Maryland","24005","Baltimore","2018","8.1","",
"24","Maryland","24005","Baltimore","2019","8.2","",
"24","Maryland","24510","Baltimore City","2018","9.5","",
"24","Maryland","24510","Baltimore City","2019","8.6","",
"24","Maryland","24015","Cecil","2018","7.9","",
"24","Maryland","24015","Cecil","2019","6.4","",
"24","Maryland","24019","Dorchester","2018","5.8","",
"24","Maryland","24019","Dorchester","2019","5.9","",
"24","Maryland","24023","Garrett","2018","5.6","",
"24","Maryland","24023","Garrett","2019","5.6","",
"24","Maryland","24025","Harford","2018","6.9","",
"24","Maryland","24025","Harford","2019","7.0","",
"24","Maryland","24027","Howard","2018","9.1","",
"24","Maryland","24027","Howard","2019","7.4","",
"24","Maryland","24029","Kent","2018","6.6","",
"24","Maryland","24029","Kent","2019","5.9","",
"24","Maryland","24031","Montgomery","2018","8.5","",
"24","Maryland","24031","Montgomery","2019","6.1","",
"24","Maryland","24033","Prince George's","2018","6.3","",
"24","Maryland","24033","Prince George's","2019","7.2","",
"24","Maryland","24043","Washington","2018","7.6","",
"24","Maryland","24043","Washington","2019","6.9","",
"25","Massachusetts","25003","Berkshire","2018","5.9","",
"25","Massachusetts","25003","Berkshire","2019","7.2","",
"25","Massachusetts","25005","Bristol","2018","6.8","",
"25","Massachusetts","25005","Bristol","2019","6.6","",
"25","Massachusetts","25009","Essex","2018","6.3","",
"25","Massachusetts","25009","Essex","2019","6.6","",
"25","Massachusetts","25011","Franklin","2018","5.9","",
"25","Massachusetts","25011","Franklin","2019","6.7","",
"25","Massachusetts","25013","Hampden","2018","5.3","",
"25","Massachusetts","25013","Hampden","2019","7.7","",
"25","Massachusetts","25015","Hampshire","2018","5.7","",
"25","Massachusetts","25015","Hampshire","2019","5.6","",
"25","Massachusetts","25017","Middlesex","2019","7.0","",
"25","Massachusetts","25023","Plymouth","2018","6.1","",
"25","Massachusetts","25023","Plymouth","2019","6.8","",
"25","Massachusetts","25025","Suffolk","2018","10.1","",
"25","Massachusetts","25025","Suffolk","2019","8.1","",
"25","Massachusetts","25027","Worcester","2018","6.6","",
"25","Massachusetts","25027","Worcester","2019","8.2","",
"26","Michigan","26005","Allegan","2018","7.6","",
"26","Michigan","26005","Allegan","2019","7.2","",
"26","Michigan","26017","Bay","2018","7.1","",
"26","Michigan","26017","Bay","2019","6.8","",
"26","Michigan","26033","Chippewa","2018","9.9","",
"26","Michigan","26049","Genesee","2018","7.6","",
"26","Michigan","26049","Genesee","2019","7.6","",
"26","Michigan","26065","Ingham","2019","7.3","",
"26","Michigan","26077","Kalamazoo","2018","8.5","",
"26","Michigan","26077","Kalamazoo","2019","7.3","",
"26","Michigan","26081","Kent","2018","8.8","",
"26","Michigan","26081","Kent","2019","8.1","",
"26","Michigan","26091","Lenawee","2018","8.0","",
"26","Michigan","26091","Lenawee","2019","8.5","",
"26","Michigan","26099","Macomb","2018","7.8","",
"26","Michigan","26099","Macomb","2019","7.3","",
"26","Michigan","26101","Manistee","2018","6.1","",
"26","Michigan","26101","Manistee","2019","4.9","",
"26","Michigan","26113","Missaukee","2018","5.4","",
"26","Michigan","26113","Missaukee","2019","5.8","",
"26","Michigan","26125","Oakland","2018","8.3","",
"26","Michigan","26125","Oakland","2019","7.7","",
"26","Michigan","26139","Ottawa","2018","8.3","",
"26","Michigan","26139","Ottawa","2019","8.3","",
"26","Michigan","26153","Schoolcraft","2019","4.2","",
"26","Michigan","26147","St. Clair","2018","8.1","",
"26","Michigan","26147","St. Clair","2019","7.6","",
"26","Michigan","26161","Washtenaw","2018","8.5","",
"26","Michigan","26161","Washtenaw","2019","8.7","",
"26","Michigan","26163","Wayne","2018","11.6","",
"26","Michigan","26163","Wayne","2019","12.7","",
"27","Minnesota","27003","Anoka","2018","8.3","",
"27","Minnesota","27003","Anoka","2019","6.9","",
"27","Minnesota","27005","Becker","2018","5.6","",
"27","Minnesota","27005","Becker","2019","5.1","",
"27","Minnesota","27007","Beltrami","2018","6.2","",
"27","Minnesota","27007","Beltrami","2019","6.0","",
"27","Minnesota","27017","Carlton","2018","4.7","",
"27","Minnesota","27017","Carlton","2019","3.1","",
"27","Minnesota","27021","Cass","2018","6.5","",
"27","Minnesota","27021","Cass","2019","4.2","",
"27","Minnesota","27031","Cook","2018","4.8","",
"27","Minnesota","27031","Cook","2019","4.4","",
"27","Minnesota","27035","Crow Wing","2018","5.5","",
"27","Minnesota","27035","Crow Wing","2019","4.3","",
"27","Minnesota","27037","Dakota","2018","7.6","",
"27","Minnesota","27037","Dakota","2019","7.0","",
"27","Minnesota","27053","Hennepin","2018","8.7","",
"27","Minnesota","27053","Hennepin","2019","8.0","",
"27","Minnesota","27075","Lake","2018","3.5","",
"27","Minnesota","27075","Lake","2019","4.2","",
"27","Minnesota","27083","Lyon","2018","6.1","",
"27","Minnesota","27083","Lyon","2019","5.9","",
"27","Minnesota","27109","Olmsted","2018","8.7","",
"27","Minnesota","27109","Olmsted","2019","7.6","",
"27","Minnesota","27123","Ramsey","2018","8.9","",
"27","Minnesota","27123","Ramsey","2019","8.1","",
"27","Minnesota","27139","Scott","2019","6.8","",
"27","Minnesota","27137","St. Louis","2018","5.6","",
"27","Minnesota","27137","St. Louis","2019","5.5","",
"27","Minnesota","27145","Stearns","2018","6.5","",
"27","Minnesota","27145","Stearns","2019","5.7","",
"27","Minnesota","27163","Washington","2018","8.4","",
"27","Minnesota","27171","Wright","2018","6.9","",
"27","Minnesota","27171","Wright","2019","5.5","",
"28","Mississippi","28011","Bolivar","2018","8.7","",
"28","Mississippi","28011","Bolivar","2019","9.0","",
"28","Mississippi","28033","DeSoto","2018","9.2","",
"28","Mississippi","28033","DeSoto","2019","8.2","",
"28","Mississippi","28035","Forrest","2018","9.6","",
"28","Mississippi","28035","Forrest","2019","8.9","",
"28","Mississippi","28043","Grenada","2018","7.1","",
"28","Mississippi","28045","Hancock","2018","7.7","",
"28","Mississippi","28045","Hancock","2019","7.6","",
"28","Mississippi","28047","Harrison","2018","8.4","",
"28","Mississippi","28047","Harrison","2019","9.2","",
"28","Mississippi","28049","Hinds","2018","10.5","",
"28","Mississippi","28049","Hinds","2019","9.8","",
"28","Mississippi","28059","Jackson","2018","8.6","",
"28","Mississippi","28059","Jackson","2019","8.6","",
"29","Missouri","29021","Buchanan","2018","8.9","",
"29","Missouri","29021","Buchanan","2019","8.6","",
"29","Missouri","29037","Cass","2018","6.5","",
"29","Missouri","29037","Cass","2019","6.3","",
"29","Missouri","29039","Cedar","2018","7.4","",
"29","Missouri","29039","Cedar","2019","7.5","",
"29","Missouri","29047","Clay","2018","6.1","",
"29","Missouri","29047","Clay","2019","6.2","",
"29","Missouri","29077","Greene","2018","7.6","",
"29","Missouri","29077","Greene","2019","7.2","",
"29","Missouri","29095","Jackson","2018","8.2","",
"29","Missouri","29095","Jackson","2019","9.6","",
"29","Missouri","29099","Jefferson","2018","7.2","",
"29","Missouri","29099","Jefferson","2019","6.6","",
"29","Missouri","29189","St. Louis","2018","9.4","",
"29","Missouri","29189","St. Louis","2019","9.2","",
"29","Missouri","29510","St. Louis City","2018","10.7","",
"29","Missouri","29510","St. Louis City","2019","10.7","",
"30","Montana","30027","Fergus","2018","5.3","",
"30","Montana","30027","Fergus","2019","3.8","",
"30","Montana","30029","Flathead","2018","10.1","",
"30","Montana","30029","Flathead","2019","6.6","",
"30","Montana","30031","Gallatin","2018","3.5","",
"30","Montana","30031","Gallatin","2019","0.9","",
"30","Montana","30049","Lewis and Clark","2018","8.8","",
"30","Montana","30049","Lewis and Clark","2019","8.7","",
"30","Montana","30053","Lincoln","2018","14.6","",
"30","Montana","30053","Lincoln","2019","11.4","",
"30","Montana","30063","Missoula","2018","9.3","",
"30","Montana","30063","Missoula","2019","8.5","",
"30","Montana","30071","Phillips","2018","5.8","",
"30","Montana","30071","Phillips","2019","4.1","",
"30","Montana","30075","Powder River","2018","7.0","",
"30","Montana","30075","Powder River","2019","5.3","",
"30","Montana","30081","Ravalli","2018","5.9","",
"30","Montana","30081","Ravalli","2019","4.6","",
"30","Montana","30083","Richland","2018","5.6","",
"30","Montana","30083","Richland","2019","4.5","",
"30","Montana","30087","Rosebud","2018","5.9","",
"30","Montana","30087","Rosebud","2019","4.3","",
"30","Montana","30093","Silver Bow","2018","6.0","",
"30","Montana","30093","Silver Bow","2019","5.8","",
"30","Montana","30111","Yellowstone","2018","8.4","",
"30","Montana","30111","Yellowstone","2019","6.0","",
"31","Nebraska","31055","Douglas","2018","8.4","",
"31","Nebraska","31055","Douglas","2019","7.1","",
"31","Nebraska","31079","Hall","2018","6.2","",
"31","Nebraska","31079","Hall","2019","5.0","",
"31","Nebraska","31109","Lancaster","2018","7.3","",
"31","Nebraska","31109","Lancaster","2019","6.7","",
"31","Nebraska","31153","Sarpy","2018","9.1","",
"31","Nebraska","31153","Sarpy","2019","7.8","",
"31","Nebraska","31157","Scotts Bluff","2018","6.3","",
"31","Nebraska","31157","Scotts Bluff","2019","4.8","",
"31","Nebraska","31177","Washington","2018","7.6","",
"31","Nebraska","31177","Washington","2019","6.6","",
"32","Nevada","32510","Carson City","2018","7.1","",
"32","Nevada","32510","Carson City","2019","4.5","",
"32","Nevada","32003","Clark","2018","10.1","",
"32","Nevada","32003","Clark","2019","8.4","",
"32","Nevada","32005","Douglas","2018","7.3","",
"32","Nevada","32005","Douglas","2019","3.8","",
"32","Nevada","32031","Washoe","2018","8.1","",
"32","Nevada","32031","Washoe","2019","6.0","",
"33","New Hampshire","33001","Belknap","2018","4.6","",
"33","New Hampshire","33001","Belknap","2019","3.6","",
"33","New Hampshire","33005","Cheshire","2018","5.6","",
"33","New Hampshire","33005","Cheshire","2019","5.1","",
"33","New Hampshire","33009","Grafton","2018","6.2","",
"33","New Hampshire","33009","Grafton","2019","4.9","",
"33","New Hampshire","33011","Hillsborough","2018","3.4","",
"33","New Hampshire","33011","Hillsborough","2019","3.3","",
"33","New Hampshire","33015","Rockingham","2018","5.2","",
"33","New Hampshire","33015","Rockingham","2019","6.2","",
"34","New Jersey","34001","Atlantic","2018","6.8","",
"34","New Jersey","34001","Atlantic","2019","7.1","",
"34","New Jersey","34003","Bergen","2018","11.1","",
"34","New Jersey","34003","Bergen","2019","11.0","",
"34","New Jersey","34007","Camden","2018","10.6","",
"34","New Jersey","34007","Camden","2019","10.3","",
"34","New Jersey","34011","Cumberland","2018","8.7","",
"34","New Jersey","34011","Cumberland","2019","7.8","",
"34","New Jersey","34013","Essex","2018","8.7","",
"34","New Jersey","34013","Essex","2019","9.0","",
"34","New Jersey","34015","Gloucester","2018","7.0","",
"34","New Jersey","34015","Gloucester","2019","7.2","",
"34","New Jersey","34017","Hudson","2018","9.3","",
"34","New Jersey","34017","Hudson","2019","9.0","",
"34","New Jersey","34019","Hunterdon","2018","7.9","",
"34","New Jersey","34019","Hunterdon","2019","7.8","",
"34","New Jersey","34021","Mercer","2018","7.8","",
"34","New Jersey","34021","Mercer","2019","7.7","",
"34","New Jersey","34023","Middlesex","2018","8.1","",
"34","New Jersey","34023","Middlesex","2019","7.9","",
"34","New Jersey","34027","Morris","2018","5.9","",
"34","New Jersey","34027","Morris","2019","5.6","",
"34","New Jersey","34029","Ocean","2018","6.3","",
"34","New Jersey","34029","Ocean","2019","6.2","",
"34","New Jersey","34031","Passaic","2018","7.6","",
"34","New Jersey","34031","Passaic","2019","7.7","",
"34","New Jersey","34039","Union","2018","10.6","",
"34","New Jersey","34039","Union","2019","10.2","",
"34","New Jersey","34041","Warren","2018","8.0","",
"34","New Jersey","34041","Warren","2019","7.4","",
"35","New Mexico","35001","Bernalillo","2018","8.4","",
"35","New Mexico","35001","Bernalillo","2019","8.1","",
"35","New Mexico","35013","Dona Ana","2018","8.8","",
"35","New Mexico","35013","Dona Ana","2019","7.3","",
"35","New Mexico","35025","Lea","2018","8.0","",
"35","New Mexico","35025","Lea","2019","7.5","",
"35","New Mexico","35049","Santa Fe","2018","3.8","",
"35","New Mexico","35049","Santa Fe","2019","2.9","",
"35","New Mexico","35055","Taos","2018","6.3","",
"35","New Mexico","35055","Taos","2019","5.0","",
"36","New York","36001","Albany","2018","7.9","",
"36","New York","36001","Albany","2019","7.6","",
"36","New York","36005","Bronx","2018","8.3","",
"36","New York","36005","Bronx","2019","8.6","",
"36","New York","36013","Chautauqua","2018","6.6","",
"36","New York","36013","Chautauqua","2019","5.9","",
"36","New York","36029","Erie","2018","7.6","",
"36","New York","36029","Erie","2019","7.1","",
"36","New York","36031","Essex","2018","3.4","",
"36","New York","36047","Kings","2018","7.9","",
"36","New York","36047","Kings","2019","7.6","",
"36","New York","36055","Monroe","2018","7.3","",
"36","New York","36055","Monroe","2019","6.6","",
"36","New York","36061","New York","2018","10.4","",
"36","New York","36061","New York","2019","8.6","",
"36","New York","36067","Onondaga","2018","5.1","",
"36","New York","36067","Onondaga","2019","6.4","",
"36","New York","36071","Orange","2018","6.4","",
"36","New York","36071","Orange","2019","5.8","",
"36","New York","36081","Queens","2018","8.3","",
"36","New York","36081","Queens","2019","7.8","",
"36","New York","36085","Richmond","2018","7.7","",
"36","New York","36085","Richmond","2019","7.6","",
"36","New York","36101","Steuben","2018","4.8","",
"36","New York","36101","Steuben","2019","6.1","",
"36","New York","36103","Suffolk","2018","6.8","",
"36","New York","36103","Suffolk","2019","6.4","",
"37","North Carolina","37021","Buncombe","2018","6.6","",
"37","North Carolina","37021","Buncombe","2019","6.2","",
"37","North Carolina","37035","Catawba","2018","8.2","",
"37","North Carolina","37035","Catawba","2019","8.3","",
"37","North Carolina","37051","Cumberland","2018","7.3","",
"37","North Carolina","37051","Cumberland","2019","7.5","",
"37","North Carolina","37057","Davidson","2018","9.3","",
"37","North Carolina","37057","Davidson","2019","8.9","",
"37","North Carolina","37063","Durham","2018","9.0","",
"37","North Carolina","37063","Durham","2019","8.1","",
"37","North Carolina","37067","Forsyth","2018","9.2","",
"37","North Carolina","37067","Forsyth","2019","9.5","",
"37","North Carolina","37081","Guilford","2018","7.3","",
"37","North Carolina","37081","Guilford","2019","6.8","",
"37","North Carolina","37099","Jackson","2018","6.7","",
"37","North Carolina","37099","Jackson","2019","6.4","",
"37","North Carolina","37101","Johnston","2018","8.1","",
"37","North Carolina","37101","Johnston","2019","8.1","",
"37","North Carolina","37119","Mecklenburg","2018","8.9","",
"37","North Carolina","37119","Mecklenburg","2019","9.5","",
"37","North Carolina","37121","Mitchell","2018","5.7","",
"37","North Carolina","37121","Mitchell","2019","5.6","",
"37","North Carolina","37123","Montgomery","2018","6.7","",
"37","North Carolina","37123","Montgomery","2019","7.9","",
"37","North Carolina","37129","New Hanover","2018","3.5","",
"37","North Carolina","37129","New Hanover","2019","3.8","",
"37","North Carolina","37147","Pitt","2018","6.1","",
"37","North Carolina","37147","Pitt","2019","6.7","",
"37","North Carolina","37173","Swain","2018","7.7","",
"37","North Carolina","37173","Swain","2019","7.2","",
"37","North Carolina","37183","Wake","2018","10.0","",
"37","North Carolina","37183","Wake","2019","10.2","",
"38","North Dakota","38007","Billings","2018","4.3","",
"38","North Dakota","38007","Billings","2019","3.4","",
"38","North Dakota","38013","Burke","2018","2.7","",
"38","North Dakota","38013","Burke","2019","3.4","",
"38","North Dakota","38015","Burleigh","2018","8.6","",
"38","North Dakota","38015","Burleigh","2019","6.5","",
"38","North Dakota","38017","Cass","2018","7.0","",
"38","North Dakota","38017","Cass","2019","6.5","",
"38","North Dakota","38025","Dunn","2019","4.1","",
"38","North Dakota","38053","McKenzie","2018","5.2","",
"38","North Dakota","38053","McKenzie","2019","3.6","",
"38","North Dakota","38057","Mercer","2018","5.6","",
"38","North Dakota","38057","Mercer","2019","6.1","",
"38","North Dakota","38065","Oliver","2018","6.3","",
"38","North Dakota","38065","Oliver","2019","4.6","",
"38","North Dakota","38101","Ward","2018","5.7","",
"38","North Dakota","38101","Ward","2019","4.5","",
"38","North Dakota","38105","Williams","2018","6.1","",
"38","North Dakota","38105","Williams","2019","4.1","",
"39","Ohio","39003","Allen","2018","8.5","",
"39","Ohio","39003","Allen","2019","7.6","",
"39","Ohio","39009","Athens","2018","6.9","",
"39","Ohio","39009","Athens","2019","6.4","",
"39","Ohio","39013","Belmont","2018","7.7","",
"39","Ohio","39013","Belmont","2019","8.7","",
"39","Ohio","39017","Butler","2018","10.9","",
"39","Ohio","39017","Butler","2019","11.9","",
"39","Ohio","39023","Clark","2018","10.3","",
"39","Ohio","39023","Clark","2019","10.5","",
"39","Ohio","39035","Cuyahoga","2018","11.1","",
"39","Ohio","39035","Cuyahoga","2019","10.9","",
"39","Ohio","39049","Franklin","2018","9.1","",
"39","Ohio","39049","Franklin","2019","10.0","",
"39","Ohio","39057","Greene","2018","8.6","",
"39","Ohio","39061","Hamilton","2018","12.4","",
"39","Ohio","39061","Hamilton","2019","12.0","",
"39","Ohio","39067","Harrison","2019","7.6","",
"39","Ohio","39081","Jefferson","2018","8.8","",
"39","Ohio","39081","Jefferson","2019","9.2","",
"39","Ohio","39085","Lake","2018","7.1","",
"39","Ohio","39085","Lake","2019","6.5","",
"39","Ohio","39087","Lawrence","2018","6.4","",
"39","Ohio","39087","Lawrence","2019","6.7","",
"39","Ohio","39093","Lorain","2018","8.1","",
"39","Ohio","39093","Lorain","2019","7.4","",
"39","Ohio","39095","Lucas","2018","8.9","",
"39","Ohio","39095","Lucas","2019","8.8","",
"39","Ohio","39099","Mahoning","2018","7.8","",
"39","Ohio","39099","Mahoning","2019","8.3","",
"39","Ohio","39103","Medina","2018","8.0","",
"39","Ohio","39103","Medina","2019","8.3","",
"39","Ohio","39113","Montgomery","2018","8.9","",
"39","Ohio","39113","Montgomery","2019","10.5","",
"39","Ohio","39133","Portage","2018","7.3","",
"39","Ohio","39133","Portage","2019","7.6","",
"39","Ohio","39135","Preble","2018","9.3","",
"39","Ohio","39135","Preble","2019","8.7","",
"39","Ohio","39145","Scioto","2018","7.1","",
"39","Ohio","39145","Scioto","2019","6.7","",
"39","Ohio","39151","Stark","2018","10.1","",
"39","Ohio","39151","Stark","2019","10.3","",
"39","Ohio","39153","Summit","2018","9.1","",
"39","Ohio","39153","Summit","2019","9.0","",
"39","Ohio","39155","Trumbull","2018","7.8","",
"39","Ohio","39155","Trumbull","2019","7.4","",
"40","Oklahoma","40019","Carter","2018","8.6","",
"40","Oklahoma","40019","Carter","2019","7.7","",
"40","Oklahoma","40027","Cleveland","2018","10.1","",
"40","Oklahoma","40027","Cleveland","2019","10.0","",
"40","Oklahoma","40031","Comanche","2018","7.1","",
"40","Oklahoma","40031","Comanche","2019","8.2","",
"40","Oklahoma","40043","Dewey","2018","8.2","",
"40","Oklahoma","40043","Dewey","2019","7.9","",
"40","Oklahoma","40071","Kay","2018","8.3","",
"40","Oklahoma","40071","Kay","2019","7.9","",
"40","Oklahoma","40105","Nowata","2018","9.0","",
"40","Oklahoma","40105","Nowata","2019","8.3","",
"40","Oklahoma","40109","Oklahoma","2018","9.6","",
"40","Oklahoma","40109","Oklahoma","2019","9.7","",
"40","Oklahoma","40115","Ottawa","2019","8.2","",
"40","Oklahoma","40121","Pittsburg","2018","8.9","",
"40","Oklahoma","40121","Pittsburg","2019","8.3","",
"40","Oklahoma","40135","Sequoyah","2018","8.2","",
"40","Oklahoma","40135","Sequoyah","2019","8.1","",
"40","Oklahoma","40143","Tulsa","2018","11.6","",
"40","Oklahoma","40143","Tulsa","2019","9.5","",
"41","Oregon","41013","Crook","2018","8.9","",
"41","Oregon","41013","Crook","2019","7.6","",
"41","Oregon","41025","Harney","2018","10.1","",
"41","Oregon","41025","Harney","2019","10.1","",
"41","Oregon","41029","Jackson","2019","8.7","",
"41","Oregon","41033","Josephine","2018","12.2","",
"41","Oregon","41033","Josephine","2019","9.7","",
"41","Oregon","41035","Klamath","2018","18.6","",
"41","Oregon","41035","Klamath","2019","10.5","",
"41","Oregon","41037","Lake","2018","12.8","",
"41","Oregon","41037","Lake","2019","6.6","",
"41","Oregon","41039","Lane","2018","9.0","",
"41","Oregon","41039","Lane","2019","9.2","",
"41","Oregon","41051","Multnomah","2018","7.4","",
"41","Oregon","41051","Multnomah","2019","6.5","",
"41","Oregon","41067","Washington","2018","8.1","",
"41","Oregon","41067","Washington","2019","6.9","",
"42","Pennsylvania","42001","Adams","2018","7.7","",
"42","Pennsylvania","42001","Adams","2019","9.4","",
"42","Pennsylvania","42003","Allegheny","2018","13.3","",
"42","Pennsylvania","42003","Allegheny","2019","14.1","",
"42","Pennsylvania","42005","Armstrong","2018","7.8","",
"42","Pennsylvania","42005","Armstrong","2019","7.7","",
"42","Pennsylvania","42007","Beaver","2018","10.0","",
"42","Pennsylvania","42007","Beaver","2019","9.9","",
"42","Pennsylvania","42011","Berks","2018","8.6","",
"42","Pennsylvania","42011","Berks","2019","9.2","",
"42","Pennsylvania","42013","Blair","2018","7.6","",
"42","Pennsylvania","42013","Blair","2019","9.2","",
"42","Pennsylvania","42015","Bradford","2018","6.7","",
"42","Pennsylvania","42015","Bradford","2019","7.4","",
"42","Pennsylvania","42021","Cambria","2018","8.4","",
"42","Pennsylvania","42021","Cambria","2019","9.1","",
"42","Pennsylvania","42027","Centre","2018","8.7","",
"42","Pennsylvania","42027","Centre","2019","9.8","",
"42","Pennsylvania","42029","Chester","2018","8.8","",
"42","Pennsylvania","42029","Chester","2019","9.2","",
"42","Pennsylvania","42041","Cumberland","2018","9.8","",
"42","Pennsylvania","42041","Cumberland","2019","10.8","",
"42","Pennsylvania","42043","Dauphin","2018","8.8","",
"42","Pennsylvania","42043","Dauphin","2019","9.3","",
"42","Pennsylvania","42045","Delaware","2018","12.1","",
"42","Pennsylvania","42045","Delaware","2019","10.9","",
"42","Pennsylvania","42049","Erie","2018","8.7","",
"42","Pennsylvania","42049","Erie","2019","7.5","",
"42","Pennsylvania","42051","Fayette","2019","7.3","",
"42","Pennsylvania","42059","Greene","2018","6.4","",
"42","Pennsylvania","42059","Greene","2019","6.5","",
"42","Pennsylvania","42069","Lackawanna","2018","8.3","",
"42","Pennsylvania","42069","Lackawanna","2019","6.5","",
"42","Pennsylvania","42071","Lancaster","2018","10.1","",
"42","Pennsylvania","42071","Lancaster","2019","11.1","",
"42","Pennsylvania","42075","Lebanon","2018","9.4","",
"42","Pennsylvania","42075","Lebanon","2019","9.4","",
"42","Pennsylvania","42077","Lehigh","2018","8.9","",
"42","Pennsylvania","42077","Lehigh","2019","8.5","",
"42","Pennsylvania","42085","Mercer","2018","8.0","",
"42","Pennsylvania","42085","Mercer","2019","8.0","",
"42","Pennsylvania","42091","Montgomery","2018","7.7","",
"42","Pennsylvania","42091","Montgomery","2019","7.5","",
"42","Pennsylvania","42095","Northampton","2018","9.7","",
"42","Pennsylvania","42095","Northampton","2019","8.7","",
"42","Pennsylvania","42101","Philadelphia","2018","9.8","",
"42","Pennsylvania","42101","Philadelphia","2019","8.7","",
"42","Pennsylvania","42115","Susquehanna","2019","6.6","",
"42","Pennsylvania","42117","Tioga","2018","5.5","",
"42","Pennsylvania","42117","Tioga","2019","5.5","",
"42","Pennsylvania","42125","Washington","2018","9.4","",
"42","Pennsylvania","42125","Washington","2019","9.3","",
"42","Pennsylvania","42129","Westmoreland","2018","6.9","",
"42","Pennsylvania","42129","Westmoreland","2019","7.0","",
"42","Pennsylvania","42133","York","2018","9.5","",
"42","Pennsylvania","42133","York","2019","8.8","",
"44","Rhode Island","44003","Kent","2018","6.1","",
"44","Rhode Island","44003","Kent","2019","3.9","",
"44","Rhode Island","44007","Providence","2018","8.9","",
"44","Rhode Island","44007","Providence","2019","8.3","",
"44","Rhode Island","44009","Washington","2018","5.4","",
"44","Rhode Island","44009","Washington","2019","3.9","",
"45","South Carolina","45019","Charleston","2018","6.8","",
"45","South Carolina","45019","Charleston","2019","7.1","",
"45","South Carolina","45025","Chesterfield","2018","6.8","",
"45","South Carolina","45025","Chesterfield","2019","7.3","",
"45","South Carolina","45037","Edgefield","2018","7.5","",
"45","South Carolina","45037","Edgefield","2019","7.7","",
"45","South Carolina","45041","Florence","2018","7.7","",
"45","South Carolina","45041","Florence","2019","7.7","",
"45","South Carolina","45045","Greenville","2018","7.9","",
"45","South Carolina","45045","Greenville","2019","8.5","",
"45","South Carolina","45063","Lexington","2018","8.4","",
"45","South Carolina","45063","Lexington","2019","8.1","",
"45","South Carolina","45073","Oconee","2018","5.7","",
"45","South Carolina","45073","Oconee","2019","5.8","",
"45","South Carolina","45079","Richland","2018","7.2","",
"45","South Carolina","45079","Richland","2019","7.8","",
"45","South Carolina","45083","Spartanburg","2018","7.7","",
"45","South Carolina","45083","Spartanburg","2019","7.7","",
"45","South Carolina","45091","York","2019","7.8","",
"46","South Dakota","46011","Brookings","2018","4.7","",
"46","South Dakota","46011","Brookings","2019","4.2","",
"46","South Dakota","46013","Brown","2018","6.7","",
"46","South Dakota","46013","Brown","2019","5.9","",
"46","South Dakota","46029","Codington","2018","7.7","",
"46","South Dakota","46029","Codington","2019","6.3","",
"46","South Dakota","46033","Custer","2018","3.6","",
"46","South Dakota","46033","Custer","2019","2.6","",
"46","South Dakota","46065","Hughes","2018","4.1","",
"46","South Dakota","46065","Hughes","2019","3.3","",
"46","South Dakota","46071","Jackson","2018","5.0","",
"46","South Dakota","46071","Jackson","2019","3.7","",
"46","South Dakota","46099","Minnehaha","2018","5.8","",
"46","South Dakota","46099","Minnehaha","2019","4.7","",
"46","South Dakota","46103","Pennington","2018","6.7","",
"46","South Dakota","46103","Pennington","2019","5.9","",
"46","South Dakota","46127","Union","2018","6.3","",
"46","South Dakota","46127","Union","2019","5.8","",
"47","Tennessee","47009","Blount","2018","7.4","",
"47","Tennessee","47009","Blount","2019","6.6","",
"47","Tennessee","47037","Davidson","2018","9.2","",
"47","Tennessee","47037","Davidson","2019","9.2","",
"47","Tennessee","47045","Dyer","2018","7.4","",
"47","Tennessee","47045","Dyer","2019","6.7","",
"47","Tennessee","47065","Hamilton","2018","9.0","",
"47","Tennessee","47065","Hamilton","2019","9.1","",
"47","Tennessee","47093","Knox","2018","9.4","",
"47","Tennessee","47093","Knox","2019","9.0","",
"47","Tennessee","47099","Lawrence","2018","7.0","",
"47","Tennessee","47099","Lawrence","2019","6.8","",
"47","Tennessee","47105","Loudon","2018","6.6","",
"47","Tennessee","47105","Loudon","2019","7.2","",
"47","Tennessee","47113","Madison","2018","7.0","",
"47","Tennessee","47119","Maury","2018","7.0","",
"47","Tennessee","47119","Maury","2019","6.0","",
"47","Tennessee","47107","McMinn","2018","7.4","",
"47","Tennessee","47107","McMinn","2019","7.4","",
"47","Tennessee","47125","Montgomery","2018","7.9","",
"47","Tennessee","47141","Putnam","2018","6.9","",
"47","Tennessee","47141","Putnam","2019","6.2","",
"47","Tennessee","47145","Roane","2018","6.8","",
"47","Tennessee","47145","Roane","2019","7.1","",
"47","Tennessee","47157","Shelby","2018","9.0","",
"47","Tennessee","47157","Shelby","2019","9.2","",
"47","Tennessee","47163","Sullivan","2018","7.2","",
"47","Tennessee","47163","Sullivan","2019","7.1","",
"47","Tennessee","47165","Sumner","2018","6.8","",
"47","Tennessee","47165","Sumner","2019","7.0","",
"48","Texas","48027","Bell","2019","8.3","",
"48","Texas","48029","Bexar","2018","8.5","",
"48","Texas","48029","Bexar","2019","9.1","",
"48","Texas","48037","Bowie","2018","9.4","",
"48","Texas","48037","Bowie","2019","9.3","",
"48","Texas","48043","Brewster","2018","6.2","",
"48","Texas","48043","Brewster","2019","5.7","",
"48","Texas","48061","Cameron","2018","10.5","",
"48","Texas","48061","Cameron","2019","9.7","",
"48","Texas","48113","Dallas","2018","10.2","",
"48","Texas","48113","Dallas","2019","9.6","",
"48","Texas","48135","Ector","2019","7.6","",
"48","Texas","48141","El Paso","2018","9.4","",
"48","Texas","48141","El Paso","2019","8.7","",
"48","Texas","48139","Ellis","2018","8.4","",
"48","Texas","48167","Galveston","2018","7.2","",
"48","Texas","48167","Galveston","2019","7.6","",
"48","Texas","48201","Harris","2018","11.0","",
"48","Texas","48201","Harris","2019","10.7","",
"48","Texas","48203","Harrison","2018","8.4","",
"48","Texas","48203","Harrison","2019","8.4","",
"48","Texas","48215","Hidalgo","2018","11.7","",
"48","Texas","48215","Hidalgo","2019","10.7","",
"48","Texas","48245","Jefferson","2018","10.2","",
"48","Texas","48245","Jefferson","2019","8.5","",
"48","Texas","48273","Kleberg","2018","11.8","",
"48","Texas","48273","Kleberg","2019","8.2","",
"48","Texas","48303","Lubbock","2019","6.4","",
"48","Texas","48323","Maverick","2019","7.5","",
"48","Texas","48355","Nueces","2018","9.8","",
"48","Texas","48355","Nueces","2019","9.3","",
"48","Texas","48361","Orange","2018","10.5","",
"48","Texas","48361","Orange","2019","8.2","",
"48","Texas","48375","Potter","2019","5.2","",
"48","Texas","48439","Tarrant","2018","8.6","",
"48","Texas","48439","Tarrant","2019","8.7","",
"48","Texas","48453","Travis","2018","10.2","",
"48","Texas","48453","Travis","2019","9.5","",
"48","Texas","48479","Webb","2019","10.7","",
"49","Utah","49003","Box Elder","2018","8.6","",
"49","Utah","49005","Cache","2018","9.4","",
"49","Utah","49005","Cache","2019","8.2","",
"49","Utah","49011","Davis","2018","8.4","",
"49","Utah","49011","Davis","2019","6.3","",
"49","Utah","49013","Duchesne","2018","6.9","",
"49","Utah","49013","Duchesne","2019","6.1","",
"49","Utah","49021","Iron","2018","4.8","",
"49","Utah","49021","Iron","2019","4.3","",
"49","Utah","49035","Salt Lake","2018","10.0","",
"49","Utah","49035","Salt Lake","2019","9.0","",
"49","Utah","49045","Tooele","2018","8.6","",
"49","Utah","49045","Tooele","2019","5.7","",
"49","Utah","49047","Uintah","2018","5.6","",
"49","Utah","49047","Uintah","2019","5.1","",
"49","Utah","49049","Utah","2018","9.0","",
"49","Utah","49049","Utah","2019","6.5","",
"49","Utah","49053","Washington","2018","5.5","",
"49","Utah","49053","Washington","2019","4.3","",
"49","Utah","49057","Weber","2018","9.0","",
"50","Vermont","50003","Bennington","2018","6.0","",
"50","Vermont","50003","Bennington","2019","5.6","",
"50","Vermont","50007","Chittenden","2018","6.6","",
"50","Vermont","50007","Chittenden","2019","6.6","",
"50","Vermont","50021","Rutland","2018","7.5","",
"50","Vermont","50021","Rutland","2019","7.5","",
"51","Virginia","51003","Albemarle","2018","6.1","",
"51","Virginia","51003","Albemarle","2019","6.4","",
"51","Virginia","51013","Arlington","2018","7.4","",
"51","Virginia","51013","Arlington","2019","8.0","",
"51","Virginia","51520","Bristol","2018","6.7","",
"51","Virginia","51520","Bristol","2019","6.4","",
"51","Virginia","51036","Charles City","2018","6.4","",
"51","Virginia","51036","Charles City","2019","6.7","",
"51","Virginia","51041","Chesterfield","2018","6.5","",
"51","Virginia","51041","Chesterfield","2019","6.7","",
"51","Virginia","51059","Fairfax","2018","8.9","",
"51","Virginia","51059","Fairfax","2019","9.1","",
"51","Virginia","51069","Frederick","2018","7.3","",
"51","Virginia","51069","Frederick","2019","7.7","",
"51","Virginia","51650","Hampton","2018","6.1","",
"51","Virginia","51650","Hampton","2019","6.5","",
"51","Virginia","51087","Henrico","2018","7.0","",
"51","Virginia","51087","Henrico","2019","7.0","",
"51","Virginia","51107","Loudoun","2018","7.0","",
"51","Virginia","51107","Loudoun","2019","7.2","",
"51","Virginia","51680","Lynchburg","2018","6.4","",
"51","Virginia","51680","Lynchburg","2019","6.2","",
"51","Virginia","51710","Norfolk","2018","6.6","",
"51","Virginia","51710","Norfolk","2019","7.1","",
"51","Virginia","51760","Richmond City","2018","8.3","",
"51","Virginia","51760","Richmond City","2019","8.4","",
"51","Virginia","51161","Roanoke","2018","6.6","",
"51","Virginia","51161","Roanoke","2019","6.3","",
"51","Virginia","51165","Rockingham","2018","6.8","",
"51","Virginia","51165","Rockingham","2019","7.1","",
"51","Virginia","51775","Salem","2018","7.0","",
"51","Virginia","51775","Salem","2019","6.6","",
"51","Virginia","51810","Virginia Beach","2018","6.7","",
"51","Virginia","51810","Virginia Beach","2019","6.8","",
"53","Washington","53011","Clark","2018","7.3","",
"53","Washington","53011","Clark","2019","7.0","",
"53","Washington","53033","King","2018","9.3","",
"53","Washington","53033","King","2019","8.3","",
"53","Washington","53035","Kitsap","2018","4.8","",
"53","Washington","53035","Kitsap","2019","4.9","",
"53","Washington","53037","Kittitas","2018","7.1","",
"53","Washington","53037","Kittitas","2019","7.0","",
"53","Washington","53047","Okanogan","2018","13.4","",
"53","Washington","53047","Okanogan","2019","7.4","",
"53","Washington","53053","Pierce","2018","8.4","",
"53","Washington","53053","Pierce","2019","8.3","",
"53","Washington","53057","Skagit","2018","6.3","",
"53","Washington","53057","Skagit","2019","5.5","",
"53","Washington","53061","Snohomish","2018","8.1","",
"53","Washington","53061","Snohomish","2019","8.5","",
"53","Washington","53063","Spokane","2018","10.3","",
"53","Washington","53063","Spokane","2019","7.5","",
"53","Washington","53073","Whatcom","2018","5.3","",
"53","Washington","53073","Whatcom","2019","4.6","",
"53","Washington","53077","Yakima","2018","10.6","",
"53","Washington","53077","Yakima","2019","9.8","",
"54","West Virginia","54003","Berkeley","2018","8.1","",
"54","West Virginia","54003","Berkeley","2019","8.9","",
"54","West Virginia","54009","Brooke","2018","8.8","",
"54","West Virginia","54009","Brooke","2019","9.5","",
"54","West Virginia","54011","Cabell","2018","7.8","",
"54","West Virginia","54011","Cabell","2019","7.1","",
"54","West Virginia","54029","Hancock","2018","7.8","",
"54","West Virginia","54033","Harrison","2018","7.1","",
"54","West Virginia","54033","Harrison","2019","7.3","",
"54","West Virginia","54039","Kanawha","2018","8.6","",
"54","West Virginia","54039","Kanawha","2019","7.6","",
"54","West Virginia","54049","Marion","2018","7.4","",
"54","West Virginia","54049","Marion","2019","7.6","",
"54","West Virginia","54051","Marshall","2018","9.0","",
"54","West Virginia","54051","Marshall","2019","9.2","",
"54","West Virginia","54061","Monongalia","2018","6.9","",
"54","West Virginia","54061","Monongalia","2019","7.2","",
"54","West Virginia","54069","Ohio","2018","7.6","",
"54","West Virginia","54069","Ohio","2019","8.1","",
"54","West Virginia","54107","Wood","2018","7.7","",
"54","West Virginia","54107","Wood","2019","7.7","",
"55","Wisconsin","55003","Ashland","2018","5.3","",
"55","Wisconsin","55003","Ashland","2019","5.0","",
"55","Wisconsin","55009","Brown","2018","6.4","",
"55","Wisconsin","55009","Brown","2019","7.3","",
"55","Wisconsin","55025","Dane","2018","8.7","",
"55","Wisconsin","55025","Dane","2019","8.6","",
"55","Wisconsin","55027","Dodge","2018","7.6","",
"55","Wisconsin","55027","Dodge","2019","7.7","",
"55","Wisconsin","55035","Eau Claire","2018","7.5","",
"55","Wisconsin","55035","Eau Claire","2019","7.7","",
"55","Wisconsin","55041","Forest","2018","4.2","",
"55","Wisconsin","55041","Forest","2019","5.4","",
"55","Wisconsin","55043","Grant","2018","8.4","",
"55","Wisconsin","55043","Grant","2019","8.4","",
"55","Wisconsin","55059","Kenosha","2018","7.2","",
"55","Wisconsin","55059","Kenosha","2019","7.4","",
"55","Wisconsin","55063","La Crosse","2018","7.8","",
"55","Wisconsin","55063","La Crosse","2019","7.6","",
"55","Wisconsin","55079","Milwaukee","2018","9.0","",
"55","Wisconsin","55079","Milwaukee","2019","8.7","",
"55","Wisconsin","55087","Outagamie","2018","6.5","",
"55","Wisconsin","55087","Outagamie","2019","8.1","",
"55","Wisconsin","55089","Ozaukee","2018","6.4","",
"55","Wisconsin","55089","Ozaukee","2019","6.9","",
"55","Wisconsin","55111","Sauk","2018","6.8","",
"55","Wisconsin","55111","Sauk","2019","7.3","",
"55","Wisconsin","55119","Taylor","2018","6.5","",
"55","Wisconsin","55119","Taylor","2019","6.4","",
"55","Wisconsin","55125","Vilas","2018","5.1","",
"55","Wisconsin","55125","Vilas","2019","4.9","",
"55","Wisconsin","55133","Waukesha","2018","9.2","",
"55","Wisconsin","55133","Waukesha","2019","9.4","",
"56","Wyoming","56001","Albany","2018","4.9","",
"56","Wyoming","56001","Albany","2019","3.7","",
"56","Wyoming","56005","Campbell","2018","4.7","",
"56","Wyoming","56005","Campbell","2019","2.4","",
"56","Wyoming","56009","Converse","2018","3.4","",
"56","Wyoming","56009","Converse","2019","2.2","",
"56","Wyoming","56013","Fremont","2018","7.3","",
"56","Wyoming","56013","Fremont","2019","7.0","",
"56","Wyoming","56021","Laramie","2018","4.7","",
"56","Wyoming","56021","Laramie","2019","3.8","",
"56","Wyoming","56025","Natrona","2018","5.3","",
"56","Wyoming","56025","Natrona","2019","3.8","",
"56","Wyoming","56029","Park","2018","4.1","",
"56","Wyoming","56029","Park","2019","2.9","",
"56","Wyoming","56033","Sheridan","2018","7.3","",
"56","Wyoming","56033","Sheridan","2019","6.0","",
"56","Wyoming","56035","Sublette","2018","5.6","",
"56","Wyoming","56035","Sublette","2019","2.8","",
"56","Wyoming","56037","Sweetwater","2018","5.4","",
"56","Wyoming","56037","Sweetwater","2019","4.4","",
"56","Wyoming","56039","Teton","2018","5.1","",
"56","Wyoming","56039","Teton","2019","3.6","",
